setting,precision@10,recall@10,ndcg@10,users,coverage,recall@10 (cold-start)
PureSVD k=8,0.0781,0.1007,0.1096,590.0000,0.0334,0.0000
Hybrid k=8 content=Embeddings alpha=0.0,0.0051,0.0074,0.0069,590.0000,0.0770,0.0090
Hybrid k=8 content=Embeddings alpha=0.1,0.0080,0.0119,0.0127,590.0000,0.0779,0.0090
Hybrid k=8 content=Embeddings alpha=0.2,0.0197,0.0369,0.0369,590.0000,0.0761,0.0090
Hybrid k=8 content=Embeddings alpha=0.3,0.0442,0.0687,0.0744,590.0000,0.0622,0.0090
Hybrid k=8 content=Embeddings alpha=0.4,0.0698,0.0991,0.1052,590.0000,0.0457,0.0090
Hybrid k=8 content=Embeddings alpha=0.5,0.0800,0.1040,0.1149,590.0000,0.0385,0.0090
Hybrid k=8 content=Embeddings alpha=0.6,0.0817,0.1090,0.1168,590.0000,0.0341,0.0090
Hybrid k=8 content=Embeddings alpha=0.7,0.0817,0.1067,0.1152,590.0000,0.0336,0.0090
Hybrid k=8 content=Embeddings alpha=0.8,0.0807,0.1052,0.1125,590.0000,0.0333,0.0090
Hybrid k=8 content=Embeddings alpha=0.9,0.0810,0.1035,0.1117,590.0000,0.0332,0.0090
Hybrid k=8 content=Embeddings alpha=1.0,0.0781,0.1007,0.1096,590.0000,0.0334,0.0000
Hybrid k=8 content=Embeddings + genres alpha=0.0,0.0085,0.0111,0.0113,590.0000,0.1152,0.0044
Hybrid k=8 content=Embeddings + genres alpha=0.1,0.0163,0.0212,0.0243,590.0000,0.1133,0.0044
Hybrid k=8 content=Embeddings + genres alpha=0.2,0.0322,0.0397,0.0511,590.0000,0.1033,0.0044
Hybrid k=8 content=Embeddings + genres alpha=0.3,0.0515,0.0689,0.0809,590.0000,0.0861,0.0044
Hybrid k=8 content=Embeddings + genres alpha=0.4,0.0707,0.1008,0.1065,590.0000,0.0647,0.0044
Hybrid k=8 content=Embeddings + genres alpha=0.5,0.0812,0.1089,0.1166,590.0000,0.0503,0.0044
Hybrid k=8 content=Embeddings + genres alpha=0.6,0.0812,0.1077,0.1173,590.0000,0.0420,0.0044
Hybrid k=8 content=Embeddings + genres alpha=0.7,0.0797,0.1096,0.1160,590.0000,0.0382,0.0044
Hybrid k=8 content=Embeddings + genres alpha=0.8,0.0819,0.1093,0.1162,590.0000,0.0357,0.0044
Hybrid k=8 content=Embeddings + genres alpha=0.9,0.0807,0.1042,0.1132,590.0000,0.0337,0.0044
Hybrid k=8 content=Embeddings + genres alpha=1.0,0.0781,0.1007,0.1096,590.0000,0.0334,0.0000
PureSVD k=16,0.0832,0.1070,0.1181,590.0000,0.0406,0.0000
Hybrid k=16 content=Embeddings alpha=0.0,0.0051,0.0074,0.0069,590.0000,0.0770,0.0090
Hybrid k=16 content=Embeddings alpha=0.1,0.0080,0.0114,0.0122,590.0000,0.0781,0.0090
Hybrid k=16 content=Embeddings alpha=0.2,0.0181,0.0343,0.0346,590.0000,0.0778,0.0090
Hybrid k=16 content=Embeddings alpha=0.3,0.0403,0.0667,0.0711,590.0000,0.0686,0.0090
Hybrid k=16 content=Embeddings alpha=0.4,0.0659,0.0957,0.1015,590.0000,0.0535,0.0090
Hybrid k=16 content=Embeddings alpha=0.5,0.0790,0.1036,0.1139,590.0000,0.0470,0.0090
Hybrid k=16 content=Embeddings alpha=0.6,0.0837,0.1065,0.1187,590.0000,0.0432,0.0090
Hybrid k=16 content=Embeddings alpha=0.7,0.0839,0.1115,0.1227,590.0000,0.0419,0.0090
Hybrid k=16 content=Embeddings alpha=0.8,0.0847,0.1099,0.1219,590.0000,0.0417,0.0090
Hybrid k=16 content=Embeddings alpha=0.9,0.0856,0.1077,0.1213,590.0000,0.0409,0.0090
Hybrid k=16 content=Embeddings alpha=1.0,0.0832,0.1070,0.1181,590.0000,0.0406,0.0000
Hybrid k=16 content=Embeddings + genres alpha=0.0,0.0085,0.0111,0.0113,590.0000,0.1152,0.0044
Hybrid k=16 content=Embeddings + genres alpha=0.1,0.0154,0.0220,0.0239,590.0000,0.1135,0.0044
Hybrid k=16 content=Embeddings + genres alpha=0.2,0.0302,0.0383,0.0479,590.0000,0.1073,0.0044
Hybrid k=16 content=Embeddings + genres alpha=0.3,0.0514,0.0715,0.0805,590.0000,0.0928,0.0044
Hybrid k=16 content=Embeddings + genres alpha=0.4,0.0700,0.1001,0.1059,590.0000,0.0734,0.0044
Hybrid k=16 content=Embeddings + genres alpha=0.5,0.0817,0.1133,0.1215,590.0000,0.0602,0.0044
Hybrid k=16 content=Embeddings + genres alpha=0.6,0.0834,0.1121,0.1236,590.0000,0.0515,0.0044
Hybrid k=16 content=Embeddings + genres alpha=0.7,0.0847,0.1131,0.1265,590.0000,0.0462,0.0044
Hybrid k=16 content=Embeddings + genres alpha=0.8,0.0871,0.1124,0.1263,590.0000,0.0453,0.0044
Hybrid k=16 content=Embeddings + genres alpha=0.9,0.0861,0.1096,0.1224,590.0000,0.0422,0.0044
Hybrid k=16 content=Embeddings + genres alpha=1.0,0.0832,0.1070,0.1181,590.0000,0.0406,0.0000
PureSVD k=32,0.0783,0.1056,0.1124,590.0000,0.0563,0.0000
Hybrid k=32 content=Embeddings alpha=0.0,0.0051,0.0074,0.0069,590.0000,0.0770,0.0090
Hybrid k=32 content=Embeddings alpha=0.1,0.0073,0.0110,0.0110,590.0000,0.0786,0.0090
Hybrid k=32 content=Embeddings alpha=0.2,0.0163,0.0325,0.0302,590.0000,0.0806,0.0090
Hybrid k=32 content=Embeddings alpha=0.3,0.0325,0.0577,0.0591,590.0000,0.0763,0.0090
Hybrid k=32 content=Embeddings alpha=0.4,0.0558,0.0896,0.0918,590.0000,0.0702,0.0090
Hybrid k=32 content=Embeddings alpha=0.5,0.0715,0.1093,0.1087,590.0000,0.0605,0.0090
Hybrid k=32 content=Embeddings alpha=0.6,0.0763,0.1091,0.1145,590.0000,0.0577,0.0090
Hybrid k=32 content=Embeddings alpha=0.7,0.0781,0.1080,0.1149,590.0000,0.0578,0.0090
Hybrid k=32 content=Embeddings alpha=0.8,0.0759,0.1055,0.1135,590.0000,0.0572,0.0090
Hybrid k=32 content=Embeddings alpha=0.9,0.0768,0.1068,0.1122,590.0000,0.0575,0.0090
Hybrid k=32 content=Embeddings alpha=1.0,0.0783,0.1056,0.1124,590.0000,0.0563,0.0000
Hybrid k=32 content=Embeddings + genres alpha=0.0,0.0085,0.0111,0.0113,590.0000,0.1152,0.0044
Hybrid k=32 content=Embeddings + genres alpha=0.1,0.0136,0.0202,0.0209,590.0000,0.1160,0.0044
Hybrid k=32 content=Embeddings + genres alpha=0.2,0.0254,0.0364,0.0422,590.0000,0.1155,0.0044
Hybrid k=32 content=Embeddings + genres alpha=0.3,0.0446,0.0648,0.0723,590.0000,0.1061,0.0044
Hybrid k=32 content=Embeddings + genres alpha=0.4,0.0624,0.0940,0.0988,590.0000,0.0933,0.0044
Hybrid k=32 content=Embeddings + genres alpha=0.5,0.0739,0.1133,0.1140,590.0000,0.0779,0.0044
Hybrid k=32 content=Embeddings + genres alpha=0.6,0.0790,0.1198,0.1191,590.0000,0.0695,0.0044
Hybrid k=32 content=Embeddings + genres alpha=0.7,0.0807,0.1165,0.1197,590.0000,0.0634,0.0044
Hybrid k=32 content=Embeddings + genres alpha=0.8,0.0798,0.1130,0.1184,590.0000,0.0604,0.0044
Hybrid k=32 content=Embeddings + genres alpha=0.9,0.0771,0.1074,0.1138,590.0000,0.0585,0.0044
Hybrid k=32 content=Embeddings + genres alpha=1.0,0.0783,0.1056,0.1124,590.0000,0.0563,0.0000
PureSVD k=64,0.0715,0.1079,0.1038,590.0000,0.0694,0.0081
Hybrid k=64 content=Embeddings alpha=0.0,0.0051,0.0074,0.0069,590.0000,0.0770,0.0090
Hybrid k=64 content=Embeddings alpha=0.1,0.0063,0.0091,0.0090,590.0000,0.0789,0.0090
Hybrid k=64 content=Embeddings alpha=0.2,0.0114,0.0205,0.0182,590.0000,0.0826,0.0090
Hybrid k=64 content=Embeddings alpha=0.3,0.0225,0.0417,0.0408,590.0000,0.0830,0.0090
Hybrid k=64 content=Embeddings alpha=0.4,0.0385,0.0680,0.0679,590.0000,0.0807,0.0090
Hybrid k=64 content=Embeddings alpha=0.5,0.0575,0.0979,0.0949,590.0000,0.0736,0.0090
Hybrid k=64 content=Embeddings alpha=0.6,0.0686,0.1119,0.1051,590.0000,0.0712,0.0090
Hybrid k=64 content=Embeddings alpha=0.7,0.0724,0.1127,0.1066,590.0000,0.0721,0.0090
Hybrid k=64 content=Embeddings alpha=0.8,0.0724,0.1088,0.1052,590.0000,0.0727,0.0090
Hybrid k=64 content=Embeddings alpha=0.9,0.0722,0.1091,0.1052,590.0000,0.0722,0.0090
Hybrid k=64 content=Embeddings alpha=1.0,0.0715,0.1079,0.1038,590.0000,0.0694,0.0081
Hybrid k=64 content=Embeddings + genres alpha=0.0,0.0085,0.0111,0.0113,590.0000,0.1152,0.0044
Hybrid k=64 content=Embeddings + genres alpha=0.1,0.0110,0.0176,0.0177,590.0000,0.1169,0.0044
Hybrid k=64 content=Embeddings + genres alpha=0.2,0.0193,0.0304,0.0315,590.0000,0.1175,0.0044
Hybrid k=64 content=Embeddings + genres alpha=0.3,0.0308,0.0477,0.0515,590.0000,0.1158,0.0044
Hybrid k=64 content=Embeddings + genres alpha=0.4,0.0469,0.0734,0.0770,590.0000,0.1072,0.0044
Hybrid k=64 content=Embeddings + genres alpha=0.5,0.0642,0.0985,0.0982,590.0000,0.0954,0.0044
Hybrid k=64 content=Embeddings + genres alpha=0.6,0.0717,0.1089,0.1066,590.0000,0.0853,0.0044
Hybrid k=64 content=Embeddings + genres alpha=0.7,0.0747,0.1101,0.1084,590.0000,0.0815,0.0044
Hybrid k=64 content=Embeddings + genres alpha=0.8,0.0753,0.1144,0.1103,590.0000,0.0763,0.0044
Hybrid k=64 content=Embeddings + genres alpha=0.9,0.0741,0.1077,0.1076,590.0000,0.0727,0.0044
Hybrid k=64 content=Embeddings + genres alpha=1.0,0.0715,0.1079,0.1038,590.0000,0.0694,0.0081
PureSVD k=128,0.0595,0.0878,0.0830,590.0000,0.0849,0.0082
Hybrid k=128 content=Embeddings alpha=0.0,0.0051,0.0074,0.0069,590.0000,0.0770,0.0090
Hybrid k=128 content=Embeddings alpha=0.1,0.0059,0.0085,0.0081,590.0000,0.0787,0.0090
Hybrid k=128 content=Embeddings alpha=0.2,0.0076,0.0121,0.0112,590.0000,0.0818,0.0090
Hybrid k=128 content=Embeddings alpha=0.3,0.0131,0.0227,0.0210,590.0000,0.0847,0.0090
Hybrid k=128 content=Embeddings alpha=0.4,0.0242,0.0465,0.0416,590.0000,0.0879,0.0090
Hybrid k=128 content=Embeddings alpha=0.5,0.0339,0.0676,0.0606,590.0000,0.0875,0.0090
Hybrid k=128 content=Embeddings alpha=0.6,0.0468,0.0881,0.0758,590.0000,0.0865,0.0090
Hybrid k=128 content=Embeddings alpha=0.7,0.0549,0.0937,0.0826,590.0000,0.0869,0.0090
Hybrid k=128 content=Embeddings alpha=0.8,0.0581,0.0936,0.0844,590.0000,0.0883,0.0090
Hybrid k=128 content=Embeddings alpha=0.9,0.0595,0.0899,0.0846,590.0000,0.0875,0.0090
Hybrid k=128 content=Embeddings alpha=1.0,0.0595,0.0878,0.0830,590.0000,0.0849,0.0082
Hybrid k=128 content=Embeddings + genres alpha=0.0,0.0085,0.0111,0.0113,590.0000,0.1152,0.0044
Hybrid k=128 content=Embeddings + genres alpha=0.1,0.0098,0.0159,0.0157,590.0000,0.1165,0.0044
Hybrid k=128 content=Embeddings + genres alpha=0.2,0.0137,0.0240,0.0218,590.0000,0.1192,0.0044
Hybrid k=128 content=Embeddings + genres alpha=0.3,0.0188,0.0325,0.0324,590.0000,0.1214,0.0044
Hybrid k=128 content=Embeddings + genres alpha=0.4,0.0305,0.0540,0.0532,590.0000,0.1222,0.0044
Hybrid k=128 content=Embeddings + genres alpha=0.5,0.0398,0.0719,0.0691,590.0000,0.1140,0.0044
Hybrid k=128 content=Embeddings + genres alpha=0.6,0.0512,0.0922,0.0817,590.0000,0.1094,0.0044
Hybrid k=128 content=Embeddings + genres alpha=0.7,0.0583,0.1007,0.0899,590.0000,0.1044,0.0044
Hybrid k=128 content=Embeddings + genres alpha=0.8,0.0597,0.0981,0.0880,590.0000,0.0989,0.0044
Hybrid k=128 content=Embeddings + genres alpha=0.9,0.0619,0.0932,0.0868,590.0000,0.0935,0.0044
Hybrid k=128 content=Embeddings + genres alpha=1.0,0.0595,0.0878,0.0830,590.0000,0.0849,0.0082
